trabajo_nombre,empresa,lugar_trabajo,tipo_empleo,link_empleo
Cocinero/a con experiencia para turno mañana en Palermo,Pro-Selection Capital Humano,"Capital Federal, Palermo",Ahora,https://ar.computrabajo.com/ofertas-de-trabajo/oferta-de-trabajo-de-cocineroa-con-experiencia-para-turno-manana-en-palermo-en-palermo-E7157FF2FBBEB9F661373E686DCF3405#lc=ListOffers-Score-0
Ref: 18797 Developer SSR .NET,ADN - Recursos Humanos,,Ahora,https://ar.computrabajo.com/ofertas-de-trabajo/oferta-de-trabajo-de-ref-18797-developer-ssr-net-remoto-en-recoleta-E4A10C42C5CBF38161373E686DCF3405#lc=ListOffers-Score-1
"Administrativo Contable / Monte Castro, CABA Ref. 18773",ADN - Recursos Humanos,,Hace 4 minutos,https://ar.computrabajo.com/ofertas-de-trabajo/oferta-de-trabajo-de-administrativo-contable-monte-castro-caba-ref-18773-en-monte-castro-486CCD6EDF0E02AE61373E686DCF3405#lc=ListOffers-Score-2
Operario de Producción Alimenticia,ADN - Recursos Humanos,,Hace 7 minutos,https://ar.computrabajo.com/ofertas-de-trabajo/oferta-de-trabajo-de-operario-de-produccion-alimenticia-mataderos-caba-en-mataderos-1FCA276796DDB1DC61373E686DCF3405#lc=ListOffers-Score-3
oficial mecánico/a,Importante empresa del sector,"Capital Federal, Liniers",Hace 10 minutos,https://ar.computrabajo.com/ofertas-de-trabajo/oferta-de-trabajo-de-oficial-mecanicoa-con-experiencia-en-liniers-D20F9FF7AC10132961373E686DCF3405#lc=ListOffers-Score-4
Médico/a Cardiólogo/a. Importante y Tradicional Grupo de Salud. CABA,PLC - Proyecto Laboral Consultores,,Hace 13 minutos,https://ar.computrabajo.com/ofertas-de-trabajo/oferta-de-trabajo-de-medicoa-cardiologoa-importante-y-tradicional-grupo-de-salud-caba-importante-grupo-de-salud-caba-en-recoleta-07ECB783BEB14A5761373E686DCF3405#lc=ListOffers-Score-5
"Analista Contable con inglés avanzado y orientación pago a proveedores / Belgrano, CABA Ref. 18756",ADN - Recursos Humanos,,Hace 16 minutos,https://ar.computrabajo.com/ofertas-de-trabajo/oferta-de-trabajo-de-analista-contable-con-ingles-avanzado-y-orientacion-pago-a-proveedores-belgrano-caba-ref-18756-adn-recursos-humanos-en-belgrano-4186D95A59C0311F61373E686DCF3405#lc=ListOffers-Score-6
Analista DevOps SSr.,Kaizen Recursos Humanos,"Capital Federal, Retiro",Hace 16 minutos,https://ar.computrabajo.com/ofertas-de-trabajo/oferta-de-trabajo-de-analista-devops-ssr-zona-microcentro-caba-en-retiro-84FC16F37EF3092761373E686DCF3405#lc=ListOffers-Score-7
Analista de Integraciones Sr.,Kaizen Recursos Humanos,"Capital Federal, Retiro",Hace 17 minutos,https://ar.computrabajo.com/ofertas-de-trabajo/oferta-de-trabajo-de-analista-de-integraciones-sr-zona-microcentro-caba-en-retiro-8BF821C3AA8621B161373E686DCF3405#lc=ListOffers-Score-8
Analista Programador .Net SSr,Kaizen Recursos Humanos,"Capital Federal, Retiro",Hace 18 minutos,https://ar.computrabajo.com/ofertas-de-trabajo/oferta-de-trabajo-de-analista-programador-net-ssr-zona-microcentro-caba-en-retiro-34C7DC036217D08C61373E686DCF3405#lc=ListOffers-Score-9
Tester Automation Java SSr.,Kaizen Recursos Humanos,"Capital Federal, Retiro",Hace 18 minutos,https://ar.computrabajo.com/ofertas-de-trabajo/oferta-de-trabajo-de-tester-automation-java-ssr-zona-microcentro-caba-en-retiro-F5694BA671E7276D61373E686DCF3405#lc=ListOffers-Score-10
Analista Programador SQL Sr,Kaizen Recursos Humanos,"Capital Federal, Retiro",Hace 20 minutos,https://ar.computrabajo.com/ofertas-de-trabajo/oferta-de-trabajo-de-analista-programador-sql-sr-zona-microcentro--urgente-en-retiro-E57EBF0141D8EEAC61373E686DCF3405#lc=ListOffers-Score-11
Asesores comerciales,Juan Federico Pantanetti,"Capital Federal, Palermo",Hace 20 minutos,https://ar.computrabajo.com/ofertas-de-trabajo/oferta-de-trabajo-de-asesores-comerciales-excelente-propuesta-pronta-incorporacion-en-palermo-11D99EF99E004C0661373E686DCF3405#lc=ListOffers-Score-12
Asistente Académico,TOP ENGLISH,"Capital Federal, Monserrat",Hace 20 minutos,https://ar.computrabajo.com/ofertas-de-trabajo/oferta-de-trabajo-de-asistente-academico-tardes-y-noches-en-monserrat-5C17B85B4BD14B5B61373E686DCF3405#lc=ListOffers-Score-13
Generador y Redactor de Contenido audiovisual,PIDEWEB,"Capital Federal, Floresta",Hace 20 minutos,https://ar.computrabajo.com/ofertas-de-trabajo/oferta-de-trabajo-de-generador-y-redactor-de-contenido-audiovisual-en-floresta-FB15A09C57D219B761373E686DCF3405#lc=ListOffers-Score-14
vendedor/a telefónico administrativo,AMIL21 SRL,"Capital Federal, Balvanera",Hace 20 minutos,https://ar.computrabajo.com/ofertas-de-trabajo/oferta-de-trabajo-de-vendedora-telefonico-administrativo-9-a-17-hs-en-balvanera-0F0C29A334D642D661373E686DCF3405#lc=ListOffers-Score-15
Analista Técnico Funcional SSr.,Kaizen Recursos Humanos,"Capital Federal, Retiro",Hace 21 minutos,https://ar.computrabajo.com/ofertas-de-trabajo/oferta-de-trabajo-de-analista-tecnico-funcional-ssr-microcentro-caba-en-retiro-2B18BC05560D133861373E686DCF3405#lc=ListOffers-Score-16
Tester Automation Java Sr.,Kaizen Recursos Humanos,"Capital Federal, Retiro",Hace 21 minutos,https://ar.computrabajo.com/ofertas-de-trabajo/oferta-de-trabajo-de-tester-automation-java-sr-zona-microcentro-caba-en-retiro-502C35643B01FFFD61373E686DCF3405#lc=ListOffers-Score-17
Ref 18373 Agente de viajes,ADN - Recursos Humanos,,Hace 23 minutos,https://ar.computrabajo.com/ofertas-de-trabajo/oferta-de-trabajo-de-ref-18373-agente-de-viajes-zona-centro-caba-en-monserrat-C5C22270BAF6D9D161373E686DCF3405#lc=ListOffers-Score-18
Runner con experiencia en restaurante,Osaka,"Capital Federal, Puerto Madero",Hace 26 minutos,https://ar.computrabajo.com/ofertas-de-trabajo/oferta-de-trabajo-de-runner-con-experiencia-en-restaurante-turnos-rotativos-y-cortados-excluyente-en-puerto-madero-6540707EA4B373DC61373E686DCF3405#lc=ListOffers-Score-19
Agente de Seguridad Masculino. Residencia  CABA Excluyente. Alta disponibilidad horaria,NEYER,,Hace 31 minutos,https://ar.computrabajo.com/ofertas-de-trabajo/oferta-de-trabajo-de-agente-de-seguridad-masculino-residencia-caba-excluyente-alta-disponibilidad-horaria-secundario-completo-en-villa-crespo-CC8CC644AD9B5C4C61373E686DCF3405#lc=ListOffers-Score-0
Manager Pricing and Revenue. Bilingüe. Remoto Ref 18754,ADN - Recursos Humanos,,Hace 32 minutos,https://ar.computrabajo.com/ofertas-de-trabajo/oferta-de-trabajo-de-manager-pricing-and-revenue-bilingue-remoto-ref-18754-zona-caba-en-recoleta-D063CCC7F28DA23361373E686DCF3405#lc=ListOffers-Score-1
"Analista Contable para Importante Empresa del rubro Papelero / Villa del Parque, CABA Ref. 18736",ADN - Recursos Humanos,,Hace 36 minutos,https://ar.computrabajo.com/ofertas-de-trabajo/oferta-de-trabajo-de-analista-contable-para-importante-empresa-del-rubro-papelero-villa-del-parque-caba-ref-18736-en-villa-del-parque-D135869AAFC3257C61373E686DCF3405#lc=ListOffers-Score-2
Chofer Zona Avellaneda,Ceta Capital Humano,,Hace 41 minutos,https://ar.computrabajo.com/ofertas-de-trabajo/oferta-de-trabajo-de-chofer-zona-avellaneda-camioneta-en-san-nicolas-1B38B4A893407FC061373E686DCF3405#lc=ListOffers-Score-3
Ref: 18809 Administrador de Redes y Seguridad,ADN - Recursos Humanos,,Hace 43 minutos,https://ar.computrabajo.com/ofertas-de-trabajo/oferta-de-trabajo-de-ref-18809-administrador-de-redes-y-seguridad-hibrido-parque-patricios-en-parque-patricios-90989DE9FF914A3B61373E686DCF3405#lc=ListOffers-Score-4
Referente de Control de Gestión y Auditoría Sr,Ecosistemas,,Hace 51 minutos,https://ar.computrabajo.com/ofertas-de-trabajo/oferta-de-trabajo-de-referente-de-control-de-gestion-y-auditoria-sr-en-retiro-6D793316D60AA1A861373E686DCF3405#lc=ListOffers-Score-5
Analista DevOps SSr.,Kaizen Recursos Humanos,"Capital Federal, Retiro",Hace 1 hora,https://ar.computrabajo.com/ofertas-de-trabajo/oferta-de-trabajo-de-analista-devops-ssr-zona-microcentro-caba-en-retiro-65FA71AEA8C4E40A61373E686DCF3405#lc=ListOffers-Score-6
Analista de Integraciones Sr.,Kaizen Recursos Humanos,"Capital Federal, Retiro",Hace 2 horas,https://ar.computrabajo.com/ofertas-de-trabajo/oferta-de-trabajo-de-analista-de-integraciones-sr-zona-microcentro-caba-en-retiro-D223D736DA88D21E61373E686DCF3405#lc=ListOffers-Score-7
Analista Programador JAVA Sr.,Kaizen Recursos Humanos,"Capital Federal, Retiro",Hace 2 horas,https://ar.computrabajo.com/ofertas-de-trabajo/oferta-de-trabajo-de-analista-programador-java-sr-zona-microcentro-caba-en-retiro-D5CB54377A50692361373E686DCF3405#lc=ListOffers-Score-8
Tester Automation Java SSr.,Kaizen Recursos Humanos,"Capital Federal, Retiro",Hace 2 horas,https://ar.computrabajo.com/ofertas-de-trabajo/oferta-de-trabajo-de-tester-automation-java-ssr-zona-microcentro-caba-en-retiro-2CB424D73F96C5C061373E686DCF3405#lc=ListOffers-Score-9
Ay. Cocina. Cocinero,Acatraz S.A.,,Hace 12 horas,https://ar.computrabajo.com/ofertas-de-trabajo/oferta-de-trabajo-de-ay-cocina-cocinero-en-almagro-033FADB618A40EBA61373E686DCF3405#lc=ListOffers-Score-10
Administrativo/a,Consultores de Empresas,,Hace 13 horas,https://ar.computrabajo.com/ofertas-de-trabajo/oferta-de-trabajo-de-administrativoa-en-palermo-5B5C6818FB202CD261373E686DCF3405#lc=ListOffers-Score-11
Operario de Empaque,ETT Faster Argentina SA,,Hace 13 horas,https://ar.computrabajo.com/ofertas-de-trabajo/oferta-de-trabajo-de-operario-de-empaque-rubro-alimenticio-en-nunez-A078C2D768461FAC61373E686DCF3405#lc=ListOffers-Score-12
Cuidadoras • Asistente Gerontológico • Jornadas 24 horas día por medio •Con referencias,Asistencia Domiciliaria,"Capital Federal, Recoleta",Hace 14 horas,https://ar.computrabajo.com/ofertas-de-trabajo/oferta-de-trabajo-de-cuidadoras-asistente-gerontologico-jornadas-24-horas-dia-por-medio-con-referencias-en-recoleta-0D97A5C1AA7C0F9161373E686DCF3405#lc=ListOffers-Score-13
empleada/o para atencion alpublico ( libreria artistica comercial escolar y centro de copiado),Office X-press,"Capital Federal, Recoleta",Hace 14 horas,https://ar.computrabajo.com/ofertas-de-trabajo/oferta-de-trabajo-de-empleadao-para-atencion-alpublico-libreria-artistica-comercial-escolar-y-centro-de-copiado-para-libreria-comercial-escolar-y-artistica-en-recoleta-B5A9ED0FA2630C8F61373E686DCF3405#lc=ListOffers-Score-14
operario/a de depósito,Gelin Group SA,"Capital Federal, Parque Patricios",Hace 14 horas,https://ar.computrabajo.com/ofertas-de-trabajo/oferta-de-trabajo-de-operarioa-de-deposito-seguridad-electronica-en-parque-patricios-8A2FCDD84454399861373E686DCF3405#lc=ListOffers-Score-15
Pastelera,Dulce Buenos Aires,"Capital Federal, Belgrano",Hace 14 horas,https://ar.computrabajo.com/ofertas-de-trabajo/oferta-de-trabajo-de-pastelera-en-belgrano-79D412DD852EC9A561373E686DCF3405#lc=ListOffers-Score-16
Abogadas,Pamela Orlandini - Life Group,"Capital Federal, San Nicolás",Hace 14 horas,https://ar.computrabajo.com/ofertas-de-trabajo/oferta-de-trabajo-de-abogadas-estudio-penal-accidentologico-en-san-nicolas-DFE93F05DF7B4C5D61373E686DCF3405#lc=ListOffers-Score-17
Delivery,Los Cobos s.r.l.,"Capital Federal, Caballito",Hace 14 horas,https://ar.computrabajo.com/ofertas-de-trabajo/oferta-de-trabajo-de-delivery-full-time-en-caballito-4E309FF4A5CAE59B61373E686DCF3405#lc=ListOffers-Score-18
Profeso/a de inglés para empresas,Effective Communication in English,"Capital Federal, Recoleta",Hace 14 horas,https://ar.computrabajo.com/ofertas-de-trabajo/oferta-de-trabajo-de-profesoa-de-ingles-para-empresas-nivel-terciario-en-recoleta-C711B26D3D05820A61373E686DCF3405#lc=ListOffers-Score-19
Profeso/a de inglés para empresas,Effective Communication in English,"Capital Federal, Recoleta",Hace 14 horas,https://ar.computrabajo.com/ofertas-de-trabajo/oferta-de-trabajo-de-profesoa-de-ingles-para-empresas-nivel-terciario-en-recoleta-C711B26D3D05820A61373E686DCF3405#lc=ListOffers-Score-0
Desarrollador software,ALVAREZ LUCAS IGNACIO,"Capital Federal, Recoleta",Hace 14 horas,https://ar.computrabajo.com/ofertas-de-trabajo/oferta-de-trabajo-de-desarrollador-software-freelancer-en-recoleta-D6E6001B80A512B061373E686DCF3405#lc=ListOffers-Score-1
Diseñador Web,ALVAREZ LUCAS IGNACIO,"Capital Federal, Recoleta",Hace 14 horas,https://ar.computrabajo.com/ofertas-de-trabajo/oferta-de-trabajo-de-disenador-web-freelancer-en-recoleta-CC0CB769A780896061373E686DCF3405#lc=ListOffers-Score-2
asistente contabilIdad,MEDITERRANEO S A,"Capital Federal, Balvanera",Hace 14 horas,https://ar.computrabajo.com/ofertas-de-trabajo/oferta-de-trabajo-de-asistente-contabilidad-contadora-en-balvanera-FA82563DCD35C8BD61373E686DCF3405#lc=ListOffers-Score-3
arquitecto o dibujante 3d,estudio loft,"Capital Federal, Caballito",Hace 14 horas,https://ar.computrabajo.com/ofertas-de-trabajo/oferta-de-trabajo-de-arquitecto-o-dibujante-3d-3d-studio-max-en-caballito-254836F796CBDD7D61373E686DCF3405#lc=ListOffers-Score-4
operario/a de producción,GALLO NEGRO,"Capital Federal, Parque Chacabuco",Hace 14 horas,https://ar.computrabajo.com/ofertas-de-trabajo/oferta-de-trabajo-de-operarioa-de-produccion-tareas-generales-en-parque-chacabuco-C359E9298ACEF19761373E686DCF3405#lc=ListOffers-Score-5
Tester Automation Java Sr.,Kaizen Recursos Humanos,"Capital Federal, Retiro",Hace 14 horas,https://ar.computrabajo.com/ofertas-de-trabajo/oferta-de-trabajo-de-tester-automation-java-sr-zona-microcentro-caba-en-retiro-94BFD9398B332D3261373E686DCF3405#lc=ListOffers-Score-6
Analista Programador .Net SSr,Kaizen Recursos Humanos,"Capital Federal, Retiro",Hace 14 horas,https://ar.computrabajo.com/ofertas-de-trabajo/oferta-de-trabajo-de-analista-programador-net-ssr-zona-microcentro-caba-en-retiro-282D2961EC3B4FD161373E686DCF3405#lc=ListOffers-Score-7
empleado/a de limpieza y jardinería,Star Union S.R.L.,,Hace 15 horas,https://ar.computrabajo.com/ofertas-de-trabajo/oferta-de-trabajo-de-empleadoa-de-limpieza-y-jardineria-zona-caba-y-gran-buenos-aires-en-villa-lugano-B05249D704FD7F9B61373E686DCF3405#lc=ListOffers-Score-8
Técnico Mecánico de Mantenimiento,MAYO HUGO ALEXIS,"Capital Federal, San Nicolás",Hace 15 horas,https://ar.computrabajo.com/ofertas-de-trabajo/oferta-de-trabajo-de-tecnico-mecanico-de-mantenimiento-zona-norte-en-san-nicolas-BB0553851286F7DC61373E686DCF3405#lc=ListOffers-Score-9
Estampador /a serigrafia  y sublimacion,Una Pasion,"Capital Federal, Monserrat",Hace 15 horas,https://ar.computrabajo.com/ofertas-de-trabajo/oferta-de-trabajo-de-estampador-a-serigrafia-y-sublimacion-estampadosserigrafia-sublimacion-en-monserrat-FCE628266CC03D0561373E686DCF3405#lc=ListOffers-Score-10
cajero mixto,Tienda de Empanadas,"Capital Federal, Villa Urquiza",Hace 15 horas,https://ar.computrabajo.com/ofertas-de-trabajo/oferta-de-trabajo-de-cajero-mixto-preferentemente-con-experiencia-en-villa-urquiza-DE04D8F23CCAF35461373E686DCF3405#lc=ListOffers-Score-11
Ingeniero ventas,MAYO HUGO ALEXIS,"Capital Federal, San Nicolás",Hace 15 horas,https://ar.computrabajo.com/ofertas-de-trabajo/oferta-de-trabajo-de-ingeniero-ventas-con-movilidad-propia-en-san-nicolas-36B8E7AF352B181461373E686DCF3405#lc=ListOffers-Score-12
cocinero/a,Romagnoli Group,"Capital Federal, Retiro",Hace 15 horas,https://ar.computrabajo.com/ofertas-de-trabajo/oferta-de-trabajo-de-cocineroa-12am-a-10-pm-en-retiro-332964A302C81AF361373E686DCF3405#lc=ListOffers-Score-13
analista de impuestos,MOVIA MARIA BELEN,"Capital Federal, Balvanera",Hace 15 horas,https://ar.computrabajo.com/ofertas-de-trabajo/oferta-de-trabajo-de-analista-de-impuestos-sr-hibrido-caba-en-balvanera-4D383C425FEFD75461373E686DCF3405#lc=ListOffers-Score-14
barista,BONALDI SRL,"Capital Federal, Recoleta",Hace 15 horas,https://ar.computrabajo.com/ofertas-de-trabajo/oferta-de-trabajo-de-barista-turno-manana-y-tarde-en-recoleta-28F74FD86725A57D61373E686DCF3405#lc=ListOffers-Score-15
"encargado/a, camarero/a, bartender, cajero",Bilbao Argentina,"Capital Federal, Palermo",Hace 15 horas,https://ar.computrabajo.com/ofertas-de-trabajo/oferta-de-trabajo-de-encargadoa-camareroa-bartender-cajero-ambos-turnos-en-palermo-17BBBFB969E6785961373E686DCF3405#lc=ListOffers-Score-16
Vendedor,SUEVIA GROUP S.A.,"Capital Federal, San Nicolás",Hace 15 horas,https://ar.computrabajo.com/ofertas-de-trabajo/oferta-de-trabajo-de-vendedor-de-articulos-de-alta-gama-en-san-nicolas-F7A7209B453F656E61373E686DCF3405#lc=ListOffers-Score-17
cocinero/a,Importante empresa del sector,"Capital Federal, Recoleta",Hace 15 horas,https://ar.computrabajo.com/ofertas-de-trabajo/oferta-de-trabajo-de-cocineroa-turno-tarde-en-recoleta-C19979D74CC5FA1261373E686DCF3405#lc=ListOffers-Score-18
operario/a de limpieza,AMERICAN PARK GROUP,"Capital Federal, San Telmo",Hace 15 horas,https://ar.computrabajo.com/ofertas-de-trabajo/oferta-de-trabajo-de-operarioa-de-limpieza-turno-manana-y-turno-tarde-en-san-telmo-A555C5D69DF73F1261373E686DCF3405#lc=ListOffers-Score-19
operario/a de limpieza,AMERICAN PARK GROUP,"Capital Federal, San Telmo",Hace 15 horas,https://ar.computrabajo.com/ofertas-de-trabajo/oferta-de-trabajo-de-operarioa-de-limpieza-turno-manana-y-turno-tarde-en-san-telmo-A555C5D69DF73F1261373E686DCF3405#lc=ListOffers-Score-0
Vendedor,Equidad Consultora,"Capital Federal, Caballito",Hace 15 horas,https://ar.computrabajo.com/ofertas-de-trabajo/oferta-de-trabajo-de-vendedor-desarrollos-inmobiliarios-en-caballito-D0D0D5B6C8F7EDFD61373E686DCF3405#lc=ListOffers-Score-1
Mecánico alineador,MLYNKIEWICZ MARIANO,"Capital Federal, Villa Ortúzar",Hace 15 horas,https://ar.computrabajo.com/ofertas-de-trabajo/oferta-de-trabajo-de-mecanico-alineador-diurno-con-experiencia-en-villa-ortuzar-C0DB169AABAF3E7061373E686DCF3405#lc=ListOffers-Score-2
Cocinero,Hotel Spa República,,Hace 15 horas,https://ar.computrabajo.com/ofertas-de-trabajo/oferta-de-trabajo-de-cocinero-ayudante-de-cocina-en-retiro-83372A78AA043F4261373E686DCF3405#lc=ListOffers-Score-3
Vendedor de Planes de Ahorro,ARRIETA MARIA CECILIA,"Capital Federal, Almagro",Hace 15 horas,https://ar.computrabajo.com/ofertas-de-trabajo/oferta-de-trabajo-de-vendedor-de-planes-de-ahorro-en-almagro-7B9B6DE5890ECBB861373E686DCF3405#lc=ListOffers-Score-4
Técnicos para Mantenimiento Edilicio,TalentGems,"Capital Federal, Parque Patricios",Hace 15 horas,https://ar.computrabajo.com/ofertas-de-trabajo/oferta-de-trabajo-de-tecnicos-para-mantenimiento-edilicio-exp-en-electricidad-en-parque-patricios-099177F3BABFF7EE61373E686DCF3405#lc=ListOffers-Score-5
camarero/a,Luogo Caffe,"Capital Federal, Villa Urquiza",Hace 15 horas,https://ar.computrabajo.com/ofertas-de-trabajo/oferta-de-trabajo-de-camareroa-camareroa-con-experiencia-en-villa-urquiza-815FF07BD8FC540E61373E686DCF3405#lc=ListOffers-Score-6
Estudiantes avanzados de Ingenieria Civil,Importante empresa,"Capital Federal, Villa Crespo",Hace 15 horas,https://ar.computrabajo.com/ofertas-de-trabajo/oferta-de-trabajo-de-estudiantes-avanzados-de-ingenieria-civil-en-villa-crespo-87CBA416BA5973FC61373E686DCF3405#lc=ListOffers-Score-7
CABA / Cuidadores Masculinos con manejo de Técnicas de Movilización,Importante empresa del sector,"Capital Federal, Belgrano",Hace 15 horas,https://ar.computrabajo.com/ofertas-de-trabajo/oferta-de-trabajo-de-caba-cuidadores-masculinos-con-manejo-de-tecnicas-de-movilizacion-lunes-a-viernes-12-horas-dia-en-belgrano-D0DA7B0F1AEE5DC961373E686DCF3405#lc=ListOffers-Score-8
Asesores comerciales con y sin inglés,Grupo ABANS,,Hace 16 horas,https://ar.computrabajo.com/ofertas-de-trabajo/oferta-de-trabajo-de-asesores-comerciales-con-y-sin-ingles-caba-en-belgrano-341C1994F13F120B61373E686DCF3405#lc=ListOffers-Score-9
Administrador Infra BackUps Semi Senior,C&S informática s.a.,,Hace 16 horas,https://ar.computrabajo.com/ofertas-de-trabajo/oferta-de-trabajo-de-administrador-infra-backups-semi-senior-en-san-nicolas-1E3615E5867755B961373E686DCF3405#lc=ListOffers-Score-10
Camarera,Sasha Pasteles,"Capital Federal, Recoleta",Hace 16 horas,https://ar.computrabajo.com/ofertas-de-trabajo/oferta-de-trabajo-de-camarera-en-recoleta-31E5A13CF44BD2CF61373E686DCF3405#lc=ListOffers-Score-11
Gerente Administrativo con Experiencia en Comercio Exterior y Sector Metalúrgico,MS Coach Sandoval,,Hace 16 horas,https://ar.computrabajo.com/ofertas-de-trabajo/oferta-de-trabajo-de-gerente-administrativo-con-experiencia-en-comercio-exterior-y-sector-metalurgico-en-villa-pueyrredon-B4C3449A93F6D75F61373E686DCF3405#lc=ListOffers-Score-12
Operario de Depósito (Experiencia en MercadoLibre) para Empresa Líder de Comercio Electrónico,MS Coach Sandoval,,Hace 16 horas,https://ar.computrabajo.com/ofertas-de-trabajo/oferta-de-trabajo-de-operario-de-deposito-experiencia-en-mercadolibre-para-empresa-lider-de-comercio-electronico-en-boedo-7FEBEF047120F56261373E686DCF3405#lc=ListOffers-Score-13
Ingeniero de Ventas para Compañía Multinacional de Automatización Industrial,MS Coach Sandoval,,Hace 16 horas,https://ar.computrabajo.com/ofertas-de-trabajo/oferta-de-trabajo-de-ingeniero-de-ventas-para-compania-multinacional-de-automatizacion-industrial-cia-multinacional-de-automatizacion-industrial-en-nunez-3DD53065E89D756D61373E686DCF3405#lc=ListOffers-Score-14
Asesor de ventas,Importante empresa del sector,"Capital Federal, Retiro",Hace 16 horas,https://ar.computrabajo.com/ofertas-de-trabajo/oferta-de-trabajo-de-asesor-de-ventas-en-retiro-ACE416B32E7BEC8661373E686DCF3405#lc=ListOffers-Score-15
Operador de Monitoreo,Chaxxel Recursos Humanos,,Hace 16 horas,https://ar.computrabajo.com/ofertas-de-trabajo/oferta-de-trabajo-de-operador-de-monitoreo-turnos-rotativos-en-recoleta-83D6F4F657D3393F61373E686DCF3405#lc=ListOffers-Score-16
Ref: 18787 Operador de Sistema María,ADN - Recursos Humanos,,Hace 16 horas,https://ar.computrabajo.com/ofertas-de-trabajo/oferta-de-trabajo-de-ref-18787-operador-de-sistema-maria-recoleta-en-recoleta-19C72F41578BE5A361373E686DCF3405#lc=ListOffers-Score-17
Técnico Electrónico/Informatiico Jr,IIC SA,"Capital Federal, Monserrat",Hace 16 horas,https://ar.computrabajo.com/ofertas-de-trabajo/oferta-de-trabajo-de-tecnico-electronicoinformatiico-jr-similar-en-monserrat-5C898F0B51C79A5A61373E686DCF3405#lc=ListOffers-Score-18
Ref: 18728 Gerente Técnico,ADN - Recursos Humanos,,Hace 17 horas,https://ar.computrabajo.com/ofertas-de-trabajo/oferta-de-trabajo-de-ref-18728-gerente-tecnico-villa-devoto-en-villa-devoto-DD09081BB541B41E61373E686DCF3405#lc=ListOffers-Score-19
"Cafetero/ barra para Restaurante y cafeteria, en DOT y Vicente López",MOOI,"Capital Federal, Saavedra",Hace 17 horas,https://ar.computrabajo.com/ofertas-de-trabajo/oferta-de-trabajo-de-cafetero-barra-para-restaurante-y-cafeteria-en-dot-y-vicente-lopez-en-saavedra-2AB01D604E773F6E61373E686DCF3405#lc=ListOffers-Score-0
Ref : 18787 Operador SIM Maria Sr,ADN - Recursos Humanos,,Hace 17 horas,https://ar.computrabajo.com/ofertas-de-trabajo/oferta-de-trabajo-de-ref-18787-operador-sim-maria-sr-zona-recoleta-en-recoleta-8751C52E59DAAF3261373E686DCF3405#lc=ListOffers-Score-1
Ref : 18728 Gerente Tecnico,ADN - Recursos Humanos,,Hace 17 horas,https://ar.computrabajo.com/ofertas-de-trabajo/oferta-de-trabajo-de-ref-18728-gerente-tecnico-zona-villa-devoto-en-villa-devoto-1B9E81ECB9A8C6E661373E686DCF3405#lc=ListOffers-Score-2
Ref : 18728 Jefe de Servicio Tecnico,ADN - Recursos Humanos,,Hace 17 horas,https://ar.computrabajo.com/ofertas-de-trabajo/oferta-de-trabajo-de-ref-18728-jefe-de-servicio-tecnico-zona-villa-devoto-en-villa-devoto-BF411C8FD54AFBA561373E686DCF3405#lc=ListOffers-Score-3
Ref. 18080: Analista Técnico Funcional Sr,ADN - Recursos Humanos,,Hace 17 horas,https://ar.computrabajo.com/ofertas-de-trabajo/oferta-de-trabajo-de-ref-18080-analista-tecnico-funcional-sr-remoto-en-recoleta-CDC3E67130DCC01461373E686DCF3405#lc=ListOffers-Score-4
Back Office trainee para Área Operativa,ICS,,Hace 17 horas,https://ar.computrabajo.com/ofertas-de-trabajo/oferta-de-trabajo-de-back-office-trainee-para-area-operativa-en-parque-patricios-07250204DEED6F2361373E686DCF3405#lc=ListOffers-Score-5
Gestor de Cobranzas con exp para Importante Broker de Seguros / Híbrido Belgrano CABA Ref. 18660,ADN - Recursos Humanos,,Hace 17 horas,https://ar.computrabajo.com/ofertas-de-trabajo/oferta-de-trabajo-de-gestor-de-cobranzas-con-exp-para-importante-broker-de-seguros-hibrido-belgrano-caba-ref-18660-adn-recursos-humanos-en-belgrano-A91FBE0D778A5E4F61373E686DCF3405#lc=ListOffers-Score-6
Ref. 18122: Líder Técnico,ADN - Recursos Humanos,,Hace 17 horas,https://ar.computrabajo.com/ofertas-de-trabajo/oferta-de-trabajo-de-ref-18122-lider-tecnico-remoto-en-villa-urquiza-0C63C4D2F102DBF061373E686DCF3405#lc=ListOffers-Score-7
Psicopedagogo/a Clínico/a,Arabela SRL,,Hace 17 horas,https://ar.computrabajo.com/ofertas-de-trabajo/oferta-de-trabajo-de-psicopedagogoa-clinicoa-en-villa-ortuzar-1F1A3CA07B63B38C61373E686DCF3405#lc=ListOffers-Score-8
Recepcionista,Consultores de Empresas,,Hace 17 horas,https://ar.computrabajo.com/ofertas-de-trabajo/oferta-de-trabajo-de-recepcionista-zona-belgrano-en-belgrano-D415F64F7C85542361373E686DCF3405#lc=ListOffers-Score-9
Ref. 17054 Analista Funcional Bilingüe,ADN - Recursos Humanos,,Hace 17 horas,https://ar.computrabajo.com/ofertas-de-trabajo/oferta-de-trabajo-de-ref-17054-analista-funcional-bilingue-remoto-en-recoleta-902162F6109B66C261373E686DCF3405#lc=ListOffers-Score-10
Desarrollador Full Stack Jr.,ADN - Recursos Humanos,,Hace 17 horas,https://ar.computrabajo.com/ofertas-de-trabajo/oferta-de-trabajo-de-desarrollador-full-stack-jr-remoto-en-recoleta-40D069F8930E16BB61373E686DCF3405#lc=ListOffers-Score-11
SQL Developer SR,Yel Solutions,,Hace 17 horas,https://ar.computrabajo.com/ofertas-de-trabajo/oferta-de-trabajo-de-sql-developer-sr-presencial-8-a-17hs-en-parque-patricios-9D2B6535FFD11CB761373E686DCF3405#lc=ListOffers-Score-12
Ref. 18344: Analista de Contrataciones rubro Salud / Centro CABA,ADN - Recursos Humanos,,Hace 17 horas,https://ar.computrabajo.com/ofertas-de-trabajo/oferta-de-trabajo-de-ref-18344-analista-de-contrataciones-rubro-salud-centro-caba-para-importante-empresa-en-balvanera-F2F4E8F94A7BAFE961373E686DCF3405#lc=ListOffers-Score-13
Nutricionistas y Auditoras Bromatológicas zona caba/norte/sur/oeste,Food Service. S.A.,"Capital Federal, Mataderos",Hace 17 horas,https://ar.computrabajo.com/ofertas-de-trabajo/oferta-de-trabajo-de-nutricionistas-y-auditoras-bromatologicas-zona-cabanortesuroeste-en-mataderos-A921A9BE7591C93761373E686DCF3405#lc=ListOffers-Score-14
Analista Técnico Funcional SSr.,Kaizen Recursos Humanos,"Capital Federal, Retiro",Hace 17 horas,https://ar.computrabajo.com/ofertas-de-trabajo/oferta-de-trabajo-de-analista-tecnico-funcional-ssr-microcentro-caba-en-retiro-15858CBE6DFEFBEF61373E686DCF3405#lc=ListOffers-Score-15
Ejecutiva de Cuentas,Chaxxel Recursos Humanos,,Hace 17 horas,https://ar.computrabajo.com/ofertas-de-trabajo/oferta-de-trabajo-de-ejecutiva-de-cuentas-en-recoleta-B945988A2C44270961373E686DCF3405#lc=ListOffers-Score-16
College Level Engineering Tutor,Latinhire,,Hace 17 horas,https://ar.computrabajo.com/ofertas-de-trabajo/oferta-de-trabajo-de-college-level-engineering-tutor-remote-work-en-palermo-B69CBB8E244A428E61373E686DCF3405#lc=ListOffers-Score-17
English Teacher with Native Spanish Skills,Latinhire,,Hace 17 horas,https://ar.computrabajo.com/ofertas-de-trabajo/oferta-de-trabajo-de-english-teacher-with-native-spanish-skills-in-capital-federal-en-palermo-D9240726B818198B61373E686DCF3405#lc=ListOffers-Score-18
Tutor de Contabilidad/Finanzas en Capital Federal,Latinhire,,Hace 17 horas,https://ar.computrabajo.com/ofertas-de-trabajo/oferta-de-trabajo-de-tutor-de-contabilidadfinanzas-en-capital-federal-empleo-desde-casa-por-internet-en-palermo-3D17407819A0458361373E686DCF3405#lc=ListOffers-Score-19
Profesor online de Ciencias en Capital Federal,Latinhire,,Hace 17 horas,https://ar.computrabajo.com/ofertas-de-trabajo/oferta-de-trabajo-de-profesor-online-de-ciencias-en-capital-federal-empleo-desde-casa-por-internet-en-palermo-B89C7F692919249161373E686DCF3405#lc=ListOffers-Score-0
Profesor Online en Capital Federal,Latinhire,,Hace 17 horas,https://ar.computrabajo.com/ofertas-de-trabajo/oferta-de-trabajo-de-profesor-online-en-capital-federal-empleo-desde-casa-por-internet-en-palermo-A8192E13872B70CB61373E686DCF3405#lc=ListOffers-Score-1
Líder Comercial Hoteleria y Temporary Apartments,Chaxxel Recursos Humanos,,Hace 17 horas,https://ar.computrabajo.com/ofertas-de-trabajo/oferta-de-trabajo-de-lider-comercial-hoteleria-y-temporary-apartments-en-recoleta-5D4D417943B26BD961373E686DCF3405#lc=ListOffers-Score-2
Asistente Comercial // con experiencia en Eventos,Kaizen Recursos Humanos,"Capital Federal, Palermo",Hace 17 horas,https://ar.computrabajo.com/ofertas-de-trabajo/oferta-de-trabajo-de-asistente-comercial-con-experiencia-en-eventos-zona-palermo-caba-en-palermo-A91F75BE610D06B961373E686DCF3405#lc=ListOffers-Score-3
Ref 17810 Controller,ADN - Recursos Humanos,,Hace 18 horas,https://ar.computrabajo.com/ofertas-de-trabajo/oferta-de-trabajo-de-ref-17810-controller-palermo-caba-en-palermo-34F7FB1E32067A9361373E686DCF3405#lc=ListOffers-Score-4
Tester Automation Java Sr.,Kaizen Recursos Humanos,"Capital Federal, Retiro",Hace 18 horas,https://ar.computrabajo.com/ofertas-de-trabajo/oferta-de-trabajo-de-tester-automation-java-sr-zona-microcentro-caba-en-retiro-F670E3CEB49D27F061373E686DCF3405#lc=ListOffers-Score-5
Analista Programador .Net SSr,Kaizen Recursos Humanos,"Capital Federal, Retiro",Hace 18 horas,https://ar.computrabajo.com/ofertas-de-trabajo/oferta-de-trabajo-de-analista-programador-net-ssr-zona-microcentro-caba-en-retiro-A698D469A82CB16C61373E686DCF3405#lc=ListOffers-Score-6
18682: Implementador,ADN - Recursos Humanos,,Hace 18 horas,https://ar.computrabajo.com/ofertas-de-trabajo/oferta-de-trabajo-de-18682-implementador-hibrido-en-belgrano-en-belgrano-5C0A920D1581EAA761373E686DCF3405#lc=ListOffers-Score-7
Ref.: 18797 Analista Programador .NET con Entity Framwork Ssr,ADN - Recursos Humanos,,Hace 18 horas,https://ar.computrabajo.com/ofertas-de-trabajo/oferta-de-trabajo-de-ref-18797-analista-programador-net-con-entity-framwork-ssr-modalidad-hibrida-caba-en-recoleta-A0F4013F112416F561373E686DCF3405#lc=ListOffers-Score-8
Community manager,Importante empresa del sector,"Capital Federal, San Cristóbal",Hace 18 horas,https://ar.computrabajo.com/ofertas-de-trabajo/oferta-de-trabajo-de-community-manager-en-san-cristobal-9C33C7E4D5C6A40161373E686DCF3405#lc=ListOffers-Score-9
Administrador de networking informático  jr. 321 Palomar,Yel Solutions,,Hace 18 horas,https://ar.computrabajo.com/ofertas-de-trabajo/oferta-de-trabajo-de-administrador-de-networking-informatico-jr-321-palomar-networking-administrator-it-jr-en-parque-patricios-61E833D4FCF1EBCD61373E686DCF3405#lc=ListOffers-Score-10
Analista contable senior Ref. 18774,ADN - Recursos Humanos,,Hace 18 horas,https://ar.computrabajo.com/ofertas-de-trabajo/oferta-de-trabajo-de-analista-contable-senior-ref-18774-almagro-caba-en-almagro-CEB00DF6BE52E79461373E686DCF3405#lc=ListOffers-Score-11
administrativa/ Glück cervecería San telmo,Glück Cervecería,"Capital Federal, San Telmo",Hace 18 horas,https://ar.computrabajo.com/ofertas-de-trabajo/oferta-de-trabajo-de-administrativa-gluck-cerveceria-san-telmo-con-experiencia-en-san-telmo-91166131645563A261373E686DCF3405#lc=ListOffers-Score-12
Ingeniero de Redes y Seguridad,Synchro Technologies S.A,"Capital Federal, Parque Patricios",Hace 18 horas,https://ar.computrabajo.com/ofertas-de-trabajo/oferta-de-trabajo-de-ingeniero-de-redes-y-seguridad-en-parque-patricios-B6FCF41F91A6170C61373E686DCF3405#lc=ListOffers-Score-13
Profesor de inglés,Effective Communication in English,"Capital Federal, Recoleta",Hace 18 horas,https://ar.computrabajo.com/ofertas-de-trabajo/oferta-de-trabajo-de-profesor-de-ingles-nivel-terciario-en-recoleta-84C09ACE558F9FF061373E686DCF3405#lc=ListOffers-Score-14
Cobranzas Telefónicas – Buenos Aires,Konecta,,Hace 18 horas,https://ar.computrabajo.com/ofertas-de-trabajo/oferta-de-trabajo-de-cobranzas-telefonicas-buenos-aires-en-san-nicolas-F7CAD63E61262E3B61373E686DCF3405#lc=ListOffers-Score-15
camarera/ Glück cervecería San telmo/ Inauguración,Glück Cervecería,"Capital Federal, San Telmo",Hace 18 horas,https://ar.computrabajo.com/ofertas-de-trabajo/oferta-de-trabajo-de-camarera-gluck-cerveceria-san-telmo-inauguracion-con-experiencia-en-san-telmo-A957F94EAF5BAE0561373E686DCF3405#lc=ListOffers-Score-16
Lider de desarrollo Comercial en Seguros,Importante Empresa del Sector,"Capital Federal, Villa Soldati",Hace 18 horas,https://ar.computrabajo.com/ofertas-de-trabajo/oferta-de-trabajo-de-lider-de-desarrollo-comercial-en-seguros-en-villa-soldati-4862852F8B84FC3E61373E686DCF3405#lc=ListOffers-Score-17
cocinero/a  Glück cervecería San telmo,Glück Cervecería,"Capital Federal, San Telmo",Hace 18 horas,https://ar.computrabajo.com/ofertas-de-trabajo/oferta-de-trabajo-de-cocineroa-gluck-cerveceria-san-telmo-con-experiencia-en-san-telmo-E3A9CCFF46B5218E61373E686DCF3405#lc=ListOffers-Score-18
Cocinero/a para importante Restaurante CABA,MS Coach Sandoval,,Hace 18 horas,https://ar.computrabajo.com/ofertas-de-trabajo/oferta-de-trabajo-de-cocineroa-para-importante-restaurante-caba-en-nunez-6824FE57B9EAF85861373E686DCF3405#lc=ListOffers-Score-19
Analista Ssr/ Sr  de Tesorería (Ingreso Inmediato),TALENTO + RH,"Capital Federal, Barracas",Hace 18 horas,https://ar.computrabajo.com/ofertas-de-trabajo/oferta-de-trabajo-de-analista-ssr-sr-de-tesoreria-ingreso-inmediato-zona-barracas-en-barracas-CD26C4B984250A7861373E686DCF3405#lc=ListOffers-Score-0
Ref 5229 Gerente de Administración y Finanzas Senior,IMPLEMENTAR Consultores  SRL,,Hace 18 horas,https://ar.computrabajo.com/ofertas-de-trabajo/oferta-de-trabajo-de-ref-5229-gerente-de-administracion-y-finanzas-senior-mas-en-monserrat-4BCE3870D74D578961373E686DCF3405#lc=ListOffers-Score-1
Asistente de logística internacional con inglés avanzado Ref. 18679,ADN - Recursos Humanos,,Hace 19 horas,https://ar.computrabajo.com/ofertas-de-trabajo/oferta-de-trabajo-de-asistente-de-logistica-internacional-con-ingles-avanzado-ref-18679-villa-del-parque-en-villa-del-parque-3C4D12D4D935E69C61373E686DCF3405#lc=ListOffers-Score-2
Ref. 18673 Agente de viajes,ADN - Recursos Humanos,,Hace 19 horas,https://ar.computrabajo.com/ofertas-de-trabajo/oferta-de-trabajo-de-ref-18673-agente-de-viajes-zona-centro-en-recoleta-FFCACB7CF01698F161373E686DCF3405#lc=ListOffers-Score-3
Analista contable,Sottovoce,,Hace 19 horas,https://ar.computrabajo.com/ofertas-de-trabajo/oferta-de-trabajo-de-analista-contable-en-san-nicolas-38001153D72047D861373E686DCF3405#lc=ListOffers-Score-4
Coordinación de Integración Escolar,Arabela SRL,,Hace 19 horas,https://ar.computrabajo.com/ofertas-de-trabajo/oferta-de-trabajo-de-coordinacion-de-integracion-escolar-en-villa-ortuzar-6CCC83D970854AE561373E686DCF3405#lc=ListOffers-Score-5
operario de impresion flexografico,People Employ S.A.,"Capital Federal, Monserrat",Hace 19 horas,https://ar.computrabajo.com/ofertas-de-trabajo/oferta-de-trabajo-de-operario-de-impresion-flexografico-tecnico-zona-jose-leon-suarez-en-monserrat-0F7D4472444C066061373E686DCF3405#lc=ListOffers-Score-6
Cajeros/ar eventual  CABA,Ceta Capital Humano,,Hace 19 horas,https://ar.computrabajo.com/ofertas-de-trabajo/oferta-de-trabajo-de-cajerosar-eventual-caba-en-almagro-973C599D71CD20FE61373E686DCF3405#lc=ListOffers-Score-7
Ayudante de Cocina  (CABA),Sottovoce,,Hace 19 horas,https://ar.computrabajo.com/ofertas-de-trabajo/oferta-de-trabajo-de-ayudante-de-cocina-caba-importante-empresa-gastronomica-en-recoleta-F9AD89F7171AE87261373E686DCF3405#lc=ListOffers-Score-8
Ref. 17870 Supervisor de encargados de tienda de empresa textil,ADN - Recursos Humanos,,Hace 19 horas,https://ar.computrabajo.com/ofertas-de-trabajo/oferta-de-trabajo-de-ref-17870-supervisor-de-encargados-de-tienda-de-empresa-textil-zona-flores-en-flores-21969AA0EF9669E361373E686DCF3405#lc=ListOffers-Score-9
Generalista de Mantenimiento,DoubleTree by Hilton – Buenos Aires,,Hace 19 horas,https://ar.computrabajo.com/ofertas-de-trabajo/oferta-de-trabajo-de-generalista-de-mantenimiento-mantenimiento-edilicio-en-retiro-C0F223CC4E9EA9CD61373E686DCF3405#lc=ListOffers-Score-10
Ayudante de Pastelería,Sottovoce,,Hace 19 horas,https://ar.computrabajo.com/ofertas-de-trabajo/oferta-de-trabajo-de-ayudante-de-pasteleria-en-belgrano-71C1FE28AC1ECABA61373E686DCF3405#lc=ListOffers-Score-11
Ejecutivos Comerciales para Imp. empresa de Medicina Prepaga / Zona Colegiales,ADN - Recursos Humanos,,Hace 19 horas,https://ar.computrabajo.com/ofertas-de-trabajo/oferta-de-trabajo-de-ejecutivos-comerciales-para-imp-empresa-de-medicina-prepaga-zona-colegiales-adn-recursos-humanos-ref-18740-en-colegiales-72FC30841771FC1961373E686DCF3405#lc=ListOffers-Score-12
Bachero / Lavacopas  CABA,Sottovoce,,Hace 19 horas,https://ar.computrabajo.com/ofertas-de-trabajo/oferta-de-trabajo-de-bachero-lavacopas-caba-en-palermo-999051F2C73986BF61373E686DCF3405#lc=ListOffers-Score-13
Operario de ensamblado Zona Parque Patricios,ARCHLATAM,,Hace 19 horas,https://ar.computrabajo.com/ofertas-de-trabajo/oferta-de-trabajo-de-operario-de-ensamblado-zona-parque-patricios-en-parque-patricios-1FC401395E14E42961373E686DCF3405#lc=ListOffers-Score-14
Vigilador/a,Cooperativa Solucionar  Ltda.,,Hace 19 horas,https://ar.computrabajo.com/ofertas-de-trabajo/oferta-de-trabajo-de-vigiladora-zona-caba-en-san-nicolas-A06D038D93BF88E461373E686DCF3405#lc=ListOffers-Score-15
Analista Programador JAVA Sr.,Kaizen Recursos Humanos,"Capital Federal, Retiro",Hace 20 horas,https://ar.computrabajo.com/ofertas-de-trabajo/oferta-de-trabajo-de-analista-programador-java-sr-zona-microcentro-caba-en-retiro-35698F33280B96F361373E686DCF3405#lc=ListOffers-Score-16
vendedor/a eCommerce y ML,EVER INFORMATICA,"Capital Federal, Colegiales",Hace 20 horas,https://ar.computrabajo.com/ofertas-de-trabajo/oferta-de-trabajo-de-vendedora-ecommerce-y-ml-preferimos-c-exp-en-informatica-en-colegiales-3B6607C17ABFB08561373E686DCF3405#lc=ListOffers-Score-17
Barman / Glück Cervecería San Telmo/ inauguración,Glück Cervecería,"Capital Federal, San Telmo",Hace 20 horas,https://ar.computrabajo.com/ofertas-de-trabajo/oferta-de-trabajo-de-barman-gluck-cerveceria-san-telmo-inauguracion-con-experiencia-en-san-telmo-8A223A7A973FCED061373E686DCF3405#lc=ListOffers-Score-18
Operario/a de produccion de ensamble de computadoras,ARCHLATAM,,Hace 20 horas,https://ar.computrabajo.com/ofertas-de-trabajo/oferta-de-trabajo-de-operarioa-de-produccion-de-ensamble-de-computadoras-zona-parque-patricios-en-parque-patricios-DE8AAB922D20071C61373E686DCF3405#lc=ListOffers-Score-19
Solutions Architect Microsoft,Solutix S.A. - [Soluciones de Recursos en TI],,Hace 20 horas,https://ar.computrabajo.com/ofertas-de-trabajo/oferta-de-trabajo-de-solutions-architect-microsoft-p-compania-de-soluciones-it-en-palermo-E8C09B8C6E84C0F561373E686DCF3405#lc=ListOffers-Score-0
Personal de Limpieza,Madero Consultoria,"Capital Federal, Puerto Madero",Hace 20 horas,https://ar.computrabajo.com/ofertas-de-trabajo/oferta-de-trabajo-de-personal-de-limpieza-fulltime-en-puerto-madero-A7A560856CACC8C861373E686DCF3405#lc=ListOffers-Score-1
Operador de Call Center (ART),Importante empresa del sector,"Capital Federal, Balvanera",Hace 20 horas,https://ar.computrabajo.com/ofertas-de-trabajo/oferta-de-trabajo-de-operador-de-call-center-art-turno-tarde-en-balvanera-987B512E16FCBBF861373E686DCF3405#lc=ListOffers-Score-2
Analista contable en Munro,Adecco Argentina S.A.,,Hace 20 horas,https://ar.computrabajo.com/ofertas-de-trabajo/oferta-de-trabajo-de-analista-contable-en-munro-en-monserrat-A9563CAA30E67DE661373E686DCF3405#lc=ListOffers-Score-3
Gerente o Encargado de Locales Gastronómicos,Suple Servicio Empresario S.A.,,Hace 20 horas,https://ar.computrabajo.com/ofertas-de-trabajo/oferta-de-trabajo-de-gerente-o-encargado-de-locales-gastronomicos-zona-chacarita-villa-crespo-en-san-nicolas-F064C0DE143771F761373E686DCF3405#lc=ListOffers-Score-4
Técnico/a de Mantenimiento con habilidades comerciales (La Plata),Verisure Argentina,"Capital Federal, Palermo",Hace 21 horas,https://ar.computrabajo.com/ofertas-de-trabajo/oferta-de-trabajo-de-tecnicoa-de-mantenimiento-con-habilidades-comerciales-la-plata-en-palermo-43E99511ABCFBB3D61373E686DCF3405#lc=ListOffers-Score-5
Supervisor monitoreo,Entheus Seguridad Privada,"Capital Federal, Almagro",Hace 21 horas,https://ar.computrabajo.com/ofertas-de-trabajo/oferta-de-trabajo-de-supervisor-monitoreo-en-almagro-00C112A7D6C3685D61373E686DCF3405#lc=ListOffers-Score-6
Vigilador/a,Cooperativa Solucionar  Ltda.,,Hace 21 horas,https://ar.computrabajo.com/ofertas-de-trabajo/oferta-de-trabajo-de-vigiladora-zona-caba-en-san-nicolas-A5BD3D5144C9A75361373E686DCF3405#lc=ListOffers-Score-7
Médico Clínico. Viernes 8 a 20hs. Clínica de Rehabilitación Neurológica de Alta Complejidad,PLC - Proyecto Laboral Consultores,,Hace 21 horas,https://ar.computrabajo.com/ofertas-de-trabajo/oferta-de-trabajo-de-medico-clinico-viernes-8-a-20hs-clinica-de-rehabilitacion-neurologica-de-alta-complejidad-importante-clinica-de-rehabilitacion-neurologica-caba-en-san-cristobal-329CD06FBB46CC0B61373E686DCF3405#lc=ListOffers-Score-8
Técnico/a Instalador CABA (con habilidades de retención de clientes),Verisure Argentina,"Capital Federal, Palermo",Hace 21 horas,https://ar.computrabajo.com/ofertas-de-trabajo/oferta-de-trabajo-de-tecnicoa-instalador-caba-con-habilidades-de-retencion-de-clientes-en-palermo-28E24140D6E8058C61373E686DCF3405#lc=ListOffers-Score-9
secretaria comercial ventas,Grupo84,"Capital Federal, Almagro",Hace 21 horas,https://ar.computrabajo.com/ofertas-de-trabajo/oferta-de-trabajo-de-secretaria-comercial-ventas-vendedora-en-almagro-1582694A2568014D61373E686DCF3405#lc=ListOffers-Score-10
CDC Personal de Depósito,Grupo Gestión,,Hace 21 horas,https://ar.computrabajo.com/ofertas-de-trabajo/oferta-de-trabajo-de-cdc-personal-de-deposito-villa-soldati-en-villa-soldati-B29DE7F8760328F161373E686DCF3405#lc=ListOffers-Score-11
importante empresa del sector automotriz incorpora vendedoras de salon,Grupo84,"Capital Federal, Puerto Madero",Hace 21 horas,https://ar.computrabajo.com/ofertas-de-trabajo/oferta-de-trabajo-de-importante-empresa-del-sector-automotriz-incorpora-vendedoras-de-salon-volskwagen-y-renault-argentina-en-puerto-madero-267DE1DAC5BDFD8661373E686DCF3405#lc=ListOffers-Score-12
"Bachero para Hotel 4 estrellas en Recoleta, turno tarde",Pro-Selection Capital Humano,"Capital Federal, Balvanera",Hace 21 horas,https://ar.computrabajo.com/ofertas-de-trabajo/oferta-de-trabajo-de-bachero-para-hotel-4-estrellas-en-recoleta-turno-tarde-en-balvanera-52ED2B59786F65E261373E686DCF3405#lc=ListOffers-Score-13
Administrador Microsoft Intune,Synchro Technologies S.A,"Capital Federal, Puerto Madero",Hace 21 horas,https://ar.computrabajo.com/ofertas-de-trabajo/oferta-de-trabajo-de-administrador-microsoft-intune-en-puerto-madero-43FE4337B739089861373E686DCF3405#lc=ListOffers-Score-14
Analista de Soporte Tecnico / Soporte de Campo  BS AS,Grupo Intertron,,Hace 21 horas,https://ar.computrabajo.com/ofertas-de-trabajo/oferta-de-trabajo-de-analista-de-soporte-tecnico-soporte-de-campo-bs-as-chacarita-en-chacarita-387347177E1846C461373E686DCF3405#lc=ListOffers-Score-15
Desarrollador .Net Ssr,ADN - Recursos Humanos,,Hace 21 horas,https://ar.computrabajo.com/ofertas-de-trabajo/oferta-de-trabajo-de-desarrollador-net-ssr-hibrido-recoleta-caba-en-recoleta-2A15E95136521C5861373E686DCF3405#lc=ListOffers-Score-16
Operador/a Comercial,Área IT,"Capital Federal, Parque Patricios",Hace 21 horas,https://ar.computrabajo.com/ofertas-de-trabajo/oferta-de-trabajo-de-operadora-comercial-en-parque-patricios-16427D6B4A71F16061373E686DCF3405#lc=ListOffers-Score-17
Recepcionista,Bowers & Simmons S.A.,"Capital Federal, Palermo",Hace 21 horas,https://ar.computrabajo.com/ofertas-de-trabajo/oferta-de-trabajo-de-recepcionista-bilingue-en-palermo-48E46EE36C1D8E7661373E686DCF3405#lc=ListOffers-Score-18
Analista Implementador Odoo en Palermo,Pro-Selection Capital Humano,"Capital Federal, Palermo",Hace 22 horas,https://ar.computrabajo.com/ofertas-de-trabajo/oferta-de-trabajo-de-analista-implementador-odoo-en-palermo-en-palermo-91F1B0F6F848735461373E686DCF3405#lc=ListOffers-Score-19
Operador de Cobranzas,Verisure Argentina,"Capital Federal, Palermo",Hace 22 horas,https://ar.computrabajo.com/ofertas-de-trabajo/oferta-de-trabajo-de-operador-de-cobranzas-finanzas-en-palermo-C8867BEB45649E1161373E686DCF3405#lc=ListOffers-Score-0
Recepcionista/Front desk Ref. 18432,ADN - Recursos Humanos,,Hace 22 horas,https://ar.computrabajo.com/ofertas-de-trabajo/oferta-de-trabajo-de-recepcionistafront-desk-ref-18432-villa-pueyrredon-en-villa-pueyrredon-1606BFE8EA59702C61373E686DCF3405#lc=ListOffers-Score-1
Ref 18775 Project Manager Ingeniería,ADN - Recursos Humanos,,Hace 22 horas,https://ar.computrabajo.com/ofertas-de-trabajo/oferta-de-trabajo-de-ref-18775-project-manager-ingenieria-villa-del-parque-en-villa-del-parque-D29613B694C879EE61373E686DCF3405#lc=ListOffers-Score-2
ADN Ref. 18735: Vendedor Preventista de Snacks Canal Mayorista,ADN - Recursos Humanos,,Hace 22 horas,https://ar.computrabajo.com/ofertas-de-trabajo/oferta-de-trabajo-de-adn-ref-18735-vendedor-preventista-de-snacks-canal-mayorista-part-time-en-constitucion-BAFD39F94334DE3461373E686DCF3405#lc=ListOffers-Score-3
Cocinero/a,IMPORTANTE LOCAL GASTRONÓMICO,"Capital Federal, Puerto Madero",Hace 22 horas,https://ar.computrabajo.com/ofertas-de-trabajo/oferta-de-trabajo-de-cocineroa-en-puerto-madero-941B2C891E855BDC61373E686DCF3405#lc=ListOffers-Score-4
Analista de Liquidación de Sueldos Jr,Gestion Compartida,,Hace 22 horas,https://ar.computrabajo.com/ofertas-de-trabajo/oferta-de-trabajo-de-analista-de-liquidacion-de-sueldos-jr-en-parque-patricios-7B5377EB5126646461373E686DCF3405#lc=ListOffers-Score-5
Telemarketer para Cobranzas,Cat-Technologies,,Hace 22 horas,https://ar.computrabajo.com/ofertas-de-trabajo/oferta-de-trabajo-de-telemarketer-para-cobranzas-en-monserrat-0594513118E652BB61373E686DCF3405#lc=ListOffers-Score-6
Mucamas Eventuales para Hotelería   Zona CABA,Ceta Capital Humano,,Hace 22 horas,https://ar.computrabajo.com/ofertas-de-trabajo/oferta-de-trabajo-de-mucamas-eventuales-para-hoteleria--zona-caba-en-monserrat-4395EA7C875716A561373E686DCF3405#lc=ListOffers-Score-7
Analista JR  Administración de RRHH,Grupo Gestión,,Hace 22 horas,https://ar.computrabajo.com/ofertas-de-trabajo/oferta-de-trabajo-de-analista-jr-administracion-de-rrhh-en-palermo-94E4DCB59B8BD70461373E686DCF3405#lc=ListOffers-Score-8
Coordinador/a Enfermería,Atenuar SRL,"Capital Federal, Almagro",Hace 22 horas,https://ar.computrabajo.com/ofertas-de-trabajo/oferta-de-trabajo-de-coordinadora-enfermeria-empresa-de-internacion-domiciliaria-en-almagro-14618B43D578A20661373E686DCF3405#lc=ListOffers-Score-9
comunity manager,VIPeluqueria's,,Hace 22 horas,https://ar.computrabajo.com/ofertas-de-trabajo/oferta-de-trabajo-de-comunity-manager-diseno-grafico-en-caballito-4F52FFDB0F3637DB61373E686DCF3405#lc=ListOffers-Score-10
médico/a,FisicalCheck,"Capital Federal, San Nicolás",Hace 22 horas,https://ar.computrabajo.com/ofertas-de-trabajo/oferta-de-trabajo-de-medicoa-medicoa-matriculado-en-caba-en-san-nicolas-B5192F9F4D55C07E61373E686DCF3405#lc=ListOffers-Score-11
Técnico en mantenimiento,HUESO BEATRIZ DIAMELA,"Capital Federal, Constitución",Hace 22 horas,https://ar.computrabajo.com/ofertas-de-trabajo/oferta-de-trabajo-de-tecnico-en-mantenimiento-turno-manana-tarde-y-noche-con-experiencia-en-constitucion-D7BBF7E20FD4427661373E686DCF3405#lc=ListOffers-Score-12
Administrativo/a de ventas desregulación medicina prepaga,Orion Consulting,"Capital Federal, Puerto Madero",Hace 22 horas,https://ar.computrabajo.com/ofertas-de-trabajo/oferta-de-trabajo-de-administrativo-de-ventas-desregulacion-medicina-prepaga-virtual-6hs-de-8-a-14-o-14-a-20hs-en-puerto-madero-543370C316306E7161373E686DCF3405#lc=ListOffers-Score-13
Mozo de salón,La Palita,"Capital Federal, Balvanera",Hace 22 horas,https://ar.computrabajo.com/ofertas-de-trabajo/oferta-de-trabajo-de-mozo-de-salon-zona-caba-en-balvanera-B01C7E6E15F9C71D61373E686DCF3405#lc=ListOffers-Score-14
Ayudante de cocina,La Palita,"Capital Federal, Balvanera",Hace 22 horas,https://ar.computrabajo.com/ofertas-de-trabajo/oferta-de-trabajo-de-ayudante-de-cocina-zona-caba-en-balvanera-59CCE1605CD6EECF61373E686DCF3405#lc=ListOffers-Score-15
Cajero/Encargado,La Palita,"Capital Federal, Balvanera",Hace 22 horas,https://ar.computrabajo.com/ofertas-de-trabajo/oferta-de-trabajo-de-cajeroencargado-zona-caba-en-balvanera-1AD1826D9DD3F32C61373E686DCF3405#lc=ListOffers-Score-16
Asistente de compras,La Gauchita,"Capital Federal, Belgrano",Hace 22 horas,https://ar.computrabajo.com/ofertas-de-trabajo/oferta-de-trabajo-de-asesor-comercial-en-belgrano-C4C76FAC3DCC2FEB61373E686DCF3405#lc=ListOffers-Score-17
Comercial con experiencia B2B,Integro,"Capital Federal, Mataderos",Hace 22 horas,https://ar.computrabajo.com/ofertas-de-trabajo/oferta-de-trabajo-de-comercial-con-experiencia-b2b-caba-en-mataderos-046389FD0A3A49F761373E686DCF3405#lc=ListOffers-Score-18
Administrativo,Empresa pyme,"Capital Federal, Retiro",Hace 22 horas,https://ar.computrabajo.com/ofertas-de-trabajo/oferta-de-trabajo-de-administrativo-en-retiro-94F156F14E8DDE2E61373E686DCF3405#lc=ListOffers-Score-19
Estudiante diseño gráfico,MicroBell S.A.,"Capital Federal, Villa Urquiza",Hace 22 horas,https://ar.computrabajo.com/ofertas-de-trabajo/oferta-de-trabajo-de-estudiante-diseno-grafico-media-jornada-por-la-tarde-en-villa-urquiza-6064A54CACDE80A161373E686DCF3405#lc=ListOffers-Score-0
atención al cliente,Kiosco Barrio,"Capital Federal, Caballito",Hace 22 horas,https://ar.computrabajo.com/ofertas-de-trabajo/oferta-de-trabajo-de-atencion-al-cliente-turno-tarde-y-turno-noche-en-caballito-363F200FFB3F19C261373E686DCF3405#lc=ListOffers-Score-1
Diseñador Gráfico,ALVAREZ LUCAS IGNACIO,"Capital Federal, Recoleta",Hace 22 horas,https://ar.computrabajo.com/ofertas-de-trabajo/oferta-de-trabajo-de-disenador-grafico-freelance-en-recoleta-E29F1A15DC6EE05761373E686DCF3405#lc=ListOffers-Score-2
óptico/a contactologo,BREWDA CLAUDIO NORBERTO,"Capital Federal, San Nicolás",Hace 22 horas,https://ar.computrabajo.com/ofertas-de-trabajo/oferta-de-trabajo-de-opticoa-contactologo-con-experiencia-en-san-nicolas-B637D54EE488D45761373E686DCF3405#lc=ListOffers-Score-3
Ejecutiva de ventas ECommerce,Limsis,"Capital Federal, Colegiales",Hace 22 horas,https://ar.computrabajo.com/ofertas-de-trabajo/oferta-de-trabajo-de-ejecutiva-de-ventas-ecommerce-para-fabricante-de-art-de-limpieza-en-colegiales-086CD3FA6B2E5E7E61373E686DCF3405#lc=ListOffers-Score-4
Cajero/a gastronomico,LA GAYOLA,"Capital Federal, San Nicolás",Hace 22 horas,https://ar.computrabajo.com/ofertas-de-trabajo/oferta-de-trabajo-de-cajeroa-gastronomico-maxirest-en-san-nicolas-2FF89B413AE318CD61373E686DCF3405#lc=ListOffers-Score-5
selector/a de personal,SUSHI CAÑITAS S.A.,"Capital Federal, Villa Crespo",Hace 22 horas,https://ar.computrabajo.com/ofertas-de-trabajo/oferta-de-trabajo-de-selectora-de-personal-con-exp-perfiles-gastronomicos-en-villa-crespo-13924D9445028EFA61373E686DCF3405#lc=ListOffers-Score-6
franquera de personal de limpieza,La Barca Hotel,"Capital Federal, Balvanera",Hace 22 horas,https://ar.computrabajo.com/ofertas-de-trabajo/oferta-de-trabajo-de-franquera-de-personal-de-limpieza-en-balvanera-41A8CD6B82127E7961373E686DCF3405#lc=ListOffers-Score-7
Vendedores y Encargados para local de indumentaria,ENDAVANT,"Capital Federal, Flores",Hace 22 horas,https://ar.computrabajo.com/ofertas-de-trabajo/oferta-de-trabajo-de-vendedores-y-encargados-para-local-de-indumentaria-en-flores-A9EC0DEDCF6097E061373E686DCF3405#lc=ListOffers-Score-8
costurero/a,ALL DENIM SA,"Capital Federal, Floresta",Hace 22 horas,https://ar.computrabajo.com/ofertas-de-trabajo/oferta-de-trabajo-de-costureroa-muestrista-en-floresta-FB30FBE68F8E134A61373E686DCF3405#lc=ListOffers-Score-9
Ayudante de cocina,DELIGUSTO S.R.L,"Capital Federal, Caballito",Hace 22 horas,https://ar.computrabajo.com/ofertas-de-trabajo/oferta-de-trabajo-de-ayudante-de-cocina-manana-y-tarde-noche-en-caballito-7DED38E155BC238861373E686DCF3405#lc=ListOffers-Score-10
Personal de Maestranza femenino  Zona CABA,Cerberus S.A.,,Hace 22 horas,https://ar.computrabajo.com/ofertas-de-trabajo/oferta-de-trabajo-de-personal-de-maestranza-femenino-zona-caba-en-villa-devoto-8A90A89FFE73D9F161373E686DCF3405#lc=ListOffers-Score-11
Community manager,Grupo ABANS,,Hace 22 horas,https://ar.computrabajo.com/ofertas-de-trabajo/oferta-de-trabajo-de-community-manager-caba-en-belgrano-108C114EA1A22D3061373E686DCF3405#lc=ListOffers-Score-12
Desarrollador .Net Core Ssr,Ecosistemas,,Hace 22 horas,https://ar.computrabajo.com/ofertas-de-trabajo/oferta-de-trabajo-de-desarrollador-net-core-ssr-ref-3224-en-retiro-7C6008B90340D37961373E686DCF3405#lc=ListOffers-Score-13
encargado deposito,LA GAYOLA,"Capital Federal, San Nicolás",Hace 22 horas,https://ar.computrabajo.com/ofertas-de-trabajo/oferta-de-trabajo-de-encargado-deposito-manana-en-san-nicolas-E67421CDC82E672A61373E686DCF3405#lc=ListOffers-Score-14
Analista Contable,DK Consultores SRL,"Capital Federal, Palermo",Hace 22 horas,https://ar.computrabajo.com/ofertas-de-trabajo/oferta-de-trabajo-de-analista-contable-con-perfil-impositivo-en-palermo-BE6B391CECFB769661373E686DCF3405#lc=ListOffers-Score-15
Contador Público,DK Consultores SRL,"Capital Federal, Palermo",Hace 22 horas,https://ar.computrabajo.com/ofertas-de-trabajo/oferta-de-trabajo-de-contador-publico-para-auditoria-en-palermo-D89FE2DEAE1F26D661373E686DCF3405#lc=ListOffers-Score-16
chef cocinero,Klub Polaco,"Capital Federal, Palermo",Hace 22 horas,https://ar.computrabajo.com/ofertas-de-trabajo/oferta-de-trabajo-de-chef-cocinero-con-experiencia-y-contactos-de-referencias-en-palermo-0C0B7089269847A961373E686DCF3405#lc=ListOffers-Score-17
Analista Contable,MESSI JUAN PABLO,"Capital Federal, Palermo",Hace 22 horas,https://ar.computrabajo.com/ofertas-de-trabajo/oferta-de-trabajo-de-analista-contable-caba-palermo-chico-en-palermo-1A03A60FDF922F6961373E686DCF3405#lc=ListOffers-Score-18
cajero encargado,moulin express,"Capital Federal, Villa Lugano",Hace 22 horas,https://ar.computrabajo.com/ofertas-de-trabajo/oferta-de-trabajo-de-cajero-encargado-con-experiencia-en-villa-lugano-4E064606F446F64561373E686DCF3405#lc=ListOffers-Score-19
